indicator_id,country_id,year,value,magnitude,qualifier
#indicator+code,#country+code,#date+year,#indicator+value+num,,
200101,HUN,1970,10366.10500,,
200101,HUN,1971,10398.16900,,
200101,HUN,1972,10426.08600,,
200101,HUN,1973,10453.65500,,
200101,HUN,1974,10486.18300,,
200101,HUN,1975,10526.78000,,
200101,HUN,1976,10577.95100,,
200101,HUN,1977,10636.56200,,
200101,HUN,1978,10693.32300,,
200101,HUN,1979,10735.50200,,
200101,HUN,1980,10754.28600,,
200101,HUN,1981,10746.48100,,
200101,HUN,1982,10715.84700,,
200101,HUN,1983,10669.20600,,
200101,HUN,1984,10616.74400,,
200101,HUN,1985,10566.32300,,
200101,HUN,1986,10519.29100,,
200101,HUN,1987,10474.54800,,
200101,HUN,1988,10434.54300,,
200101,HUN,1989,10401.61400,,
200101,HUN,1990,10377.13700,,
200101,HUN,1991,10363.04900,,
200101,HUN,1992,10358.61900,,
200101,HUN,1993,10359.06600,,
200101,HUN,1994,10357.59100,,
200101,HUN,1995,10349.30200,,
200101,HUN,1996,10332.45300,,
200101,HUN,1997,10308.48000,,
200101,HUN,1998,10279.60200,,
200101,HUN,1999,10249.41600,,
200101,HUN,2000,10220.50700,,
200101,HUN,2001,10193.44900,,
200101,HUN,2002,10167.28300,,
200101,HUN,2003,10141.34200,,
200101,HUN,2004,10114.48000,,
200101,HUN,2005,10085.93700,,
200101,HUN,2006,10055.65300,,
200101,HUN,2007,10024.14900,,
200101,HUN,2008,9991.86700,,
200101,HUN,2009,9959.43900,,
200101,HUN,2010,9927.37000,,
200101,HUN,2011,9895.68000,,
200101,HUN,2012,9864.35800,,
200101,HUN,2013,9833.92300,,
200101,HUN,2014,9804.99100,,
200101,HUN,2015,9777.92300,,
200101,HUN,2016,9752.97500,,
200101,HUN,2017,9729.82300,,
200101,HUN,2018,9707.49900,,
200101,HUN,2019,9684.67900,,
200144,HUN,1970,1714.99300,,
200144,HUN,1971,1732.32000,,
200144,HUN,1972,1748.63000,,
200144,HUN,1973,1758.08300,,
200144,HUN,1974,1751.93900,,
200144,HUN,1975,1725.98800,,
200144,HUN,1976,1687.86400,,
200144,HUN,1977,1629.17600,,
200144,HUN,1978,1559.06600,,
200144,HUN,1979,1492.34300,,
200144,HUN,1980,1438.19700,,
200144,HUN,1981,1389.13400,,
200144,HUN,1982,1354.01500,,
200144,HUN,1983,1331.97400,,
200144,HUN,1984,1320.12500,,
200144,HUN,1985,1317.25900,,
200144,HUN,1986,1331.20300,,
200144,HUN,1987,1352.09800,,
200144,HUN,1988,1380.39600,,
200144,HUN,1989,1416.77200,,
200144,HUN,1990,1460.09400,,
200144,HUN,1991,1498.30800,,
200144,HUN,1992,1541.90200,,
200144,HUN,1993,1583.77800,,
200144,HUN,1994,1613.79300,,
200144,HUN,1995,1626.77800,,
200144,HUN,1996,1625.72000,,
200144,HUN,1997,1611.21900,,
200144,HUN,1998,1586.00900,,
200144,HUN,1999,1554.40800,,
200144,HUN,2000,1519.08700,,
200144,HUN,2001,1480.38500,,
200144,HUN,2002,1433.02200,,
200144,HUN,2003,1382.76300,,
200144,HUN,2004,1337.76500,,
200144,HUN,2005,1302.76200,,
200144,HUN,2006,1266.47400,,
200144,HUN,2007,1246.68800,,
200144,HUN,2008,1239.18200,,
200144,HUN,2009,1235.57000,,
200144,HUN,2010,1230.16500,,
200144,HUN,2011,1221.73200,,
200144,HUN,2012,1208.12400,,
200144,HUN,2013,1189.54400,,
200144,HUN,2014,1167.25500,,
200144,HUN,2015,1142.32600,,
200144,HUN,2016,1115.55800,,
200144,HUN,2017,1084.38900,,
200144,HUN,2018,1052.32600,,
200144,HUN,2019,1024.49200,,
200151,HUN,1970,1200.68900,,
200151,HUN,1971,1227.83000,,
200151,HUN,1972,1253.61700,,
200151,HUN,1973,1279.31700,,
200151,HUN,1974,1306.55100,,
200151,HUN,1975,1336.04500,,
200151,HUN,1976,1374.82400,,
200151,HUN,1977,1415.06000,,
200151,HUN,1978,1449.12800,,
200151,HUN,1979,1466.67600,,
200151,HUN,1980,1462.64700,,
200151,HUN,1981,1438.84700,,
200151,HUN,1982,1396.16300,,
200151,HUN,1983,1346.21800,,
200151,HUN,1984,1304.67400,,
200151,HUN,1985,1280.49300,,
200151,HUN,1986,1295.71700,,
200151,HUN,1987,1320.72800,,
200151,HUN,1988,1350.15600,,
200151,HUN,1989,1376.78500,,
200151,HUN,1990,1396.47400,,
200151,HUN,1991,1419.07900,,
200151,HUN,1992,1438.12100,,
200151,HUN,1993,1453.83900,,
200151,HUN,1994,1466.27600,,
200151,HUN,1995,1475.85400,,
200151,HUN,1996,1495.70100,,
200151,HUN,1997,1512.98100,,
200151,HUN,1998,1527.05800,,
200151,HUN,1999,1537.17300,,
200151,HUN,2000,1543.01000,,
200151,HUN,2001,1555.78500,,
200151,HUN,2002,1562.33900,,
200151,HUN,2003,1565.54200,,
200151,HUN,2004,1569.16100,,
200151,HUN,2005,1575.29600,,
200151,HUN,2006,1580.76200,,
200151,HUN,2007,1587.62700,,
200151,HUN,2008,1593.94400,,
200151,HUN,2009,1597.35500,,
200151,HUN,2010,1597.55200,,
200151,HUN,2011,1618.07500,,
200151,HUN,2012,1635.74300,,
200151,HUN,2013,1653.99200,,
200151,HUN,2014,1677.40500,,
200151,HUN,2015,1708.08600,,
200151,HUN,2016,1755.76400,,
200151,HUN,2017,1807.59300,,
200151,HUN,2018,1859.73600,,
200151,HUN,2019,1907.34500,,
200343,HUN,1970,2158.49100,,
200343,HUN,1971,2148.73200,,
200343,HUN,1972,2126.97000,,
200343,HUN,1973,2105.24100,,
200343,HUN,1974,2100.61600,,
200343,HUN,1975,2120.83000,,
200343,HUN,1976,2148.33600,,
200343,HUN,1977,2205.60500,,
200343,HUN,1978,2277.50100,,
200343,HUN,1979,2336.86400,,
200343,HUN,1980,2367.27100,,
200343,HUN,1981,2398.24500,,
200343,HUN,1982,2387.88600,,
200343,HUN,1983,2350.89400,,
200343,HUN,1984,2313.56100,,
200343,HUN,1985,2289.80700,,
200343,HUN,1986,2231.22200,,
200343,HUN,1987,2203.65800,,
200343,HUN,1988,2190.09600,,
200343,HUN,1989,2164.96100,,
200343,HUN,1990,2118.40300,,
200343,HUN,1991,2091.53700,,
200343,HUN,1992,2038.79200,,
200343,HUN,1993,1972.97100,,
200343,HUN,1994,1914.55000,,
200343,HUN,1995,1871.85100,,
200343,HUN,1996,1832.58300,,
200343,HUN,1997,1800.53200,,
200343,HUN,1998,1774.13800,,
200343,HUN,1999,1747.98000,,
200343,HUN,2000,1719.97800,,
200343,HUN,2001,1680.79900,,
200343,HUN,2002,1649.96400,,
200343,HUN,2003,1623.08300,,
200343,HUN,2004,1595.31800,,
200343,HUN,2005,1565.01300,,
200343,HUN,2006,1554.76300,,
200343,HUN,2007,1537.21900,,
200343,HUN,2008,1514.74400,,
200343,HUN,2009,1492.96400,,
200343,HUN,2010,1475.19700,,
200343,HUN,2011,1456.49600,,
200343,HUN,2012,1440.70500,,
200343,HUN,2013,1428.34600,,
200343,HUN,2014,1419.12600,,
200343,HUN,2015,1412.77500,,
200343,HUN,2016,1401.60200,,
200343,HUN,2017,1398.39600,,
200343,HUN,2018,1399.04400,,
200343,HUN,2019,1397.81100,,
200345,HUN,1970,5291.93200,,
200345,HUN,1971,5289.28700,,
200345,HUN,1972,5296.86900,,
200345,HUN,1973,5311.01400,,
200345,HUN,1974,5327.07700,,
200345,HUN,1975,5343.91700,,
200345,HUN,1976,5366.92700,,
200345,HUN,1977,5386.72100,,
200345,HUN,1978,5407.62800,,
200345,HUN,1979,5439.61900,,
200345,HUN,1980,5486.17100,,
200345,HUN,1981,5520.25500,,
200345,HUN,1982,5577.78300,,
200345,HUN,1983,5640.12000,,
200345,HUN,1984,5678.38400,,
200345,HUN,1985,5678.76400,,
200345,HUN,1986,5661.14900,,
200345,HUN,1987,5598.06400,,
200345,HUN,1988,5513.89500,,
200345,HUN,1989,5443.09600,,
200345,HUN,1990,5402.16600,,
200345,HUN,1991,5354.12500,,
200345,HUN,1992,5339.80400,,
200345,HUN,1993,5348.47800,,
200345,HUN,1994,5362.97200,,
200345,HUN,1995,5374.81900,,
200345,HUN,1996,5378.44900,,
200345,HUN,1997,5383.74800,,
200345,HUN,1998,5392.39700,,
200345,HUN,1999,5409.85500,,
200345,HUN,2000,5438.43200,,
200345,HUN,2001,5476.48000,,
200345,HUN,2002,5521.95800,,
200345,HUN,2003,5569.95400,,
200345,HUN,2004,5612.23600,,
200345,HUN,2005,5642.86600,,
200345,HUN,2006,5653.65400,,
200345,HUN,2007,5652.61500,,
200345,HUN,2008,5643.99700,,
200345,HUN,2009,5633.55000,,
200345,HUN,2010,5624.45600,,
200345,HUN,2011,5599.37700,,
200345,HUN,2012,5579.78600,,
200345,HUN,2013,5562.04100,,
200345,HUN,2014,5541.20500,,
200345,HUN,2015,5514.73600,,
200345,HUN,2016,5480.05100,,
200345,HUN,2017,5439.44500,,
200345,HUN,2018,5396.39300,,
200345,HUN,2019,5355.03100,,
NY.GDP.DEFL.ZS,HUN,1991,11.80615,,
NY.GDP.DEFL.ZS,HUN,1992,14.34556,,
NY.GDP.DEFL.ZS,HUN,1993,17.39807,,
NY.GDP.DEFL.ZS,HUN,1994,20.78914,,
NY.GDP.DEFL.ZS,HUN,1995,26.34666,,
NY.GDP.DEFL.ZS,HUN,1996,32.12456,,
NY.GDP.DEFL.ZS,HUN,1997,38.63324,,
NY.GDP.DEFL.ZS,HUN,1998,43.95198,,
NY.GDP.DEFL.ZS,HUN,1999,47.52099,,
NY.GDP.DEFL.ZS,HUN,2000,52.07516,,
NY.GDP.DEFL.ZS,HUN,2001,57.82767,,
NY.GDP.DEFL.ZS,HUN,2002,62.50681,,
NY.GDP.DEFL.ZS,HUN,2003,65.90966,,
NY.GDP.DEFL.ZS,HUN,2004,69.26762,,
NY.GDP.DEFL.ZS,HUN,2005,71.08886,,
NY.GDP.DEFL.ZS,HUN,2006,73.69321,,
NY.GDP.DEFL.ZS,HUN,2007,77.70384,,
NY.GDP.DEFL.ZS,HUN,2008,81.43774,,
NY.GDP.DEFL.ZS,HUN,2009,84.85814,,
NY.GDP.DEFL.ZS,HUN,2010,87.00819,,
NY.GDP.DEFL.ZS,HUN,2011,88.69077,,
NY.GDP.DEFL.ZS,HUN,2012,91.25678,,
NY.GDP.DEFL.ZS,HUN,2013,93.82916,,
NY.GDP.DEFL.ZS,HUN,2014,97.29846,,
NY.GDP.DEFL.ZS,HUN,2015,100.00000,,
NY.GDP.DEFL.ZS,HUN,2016,101.32088,,
NY.GDP.DEFL.ZS,HUN,2017,105.40344,,
NY.GDP.DEFL.ZS,HUN,2018,110.51180,,
NY.GDP.DEFL.ZS,HUN,2019,115.77828,,
NY.GDP.MKTP.CD,HUN,1991,34753569692.91500,,
NY.GDP.MKTP.CD,HUN,1992,38730585922.21890,,
NY.GDP.MKTP.CD,HUN,1993,40124916940.59450,,
NY.GDP.MKTP.CD,HUN,1994,43166678735.21830,,
NY.GDP.MKTP.CD,HUN,1995,46425677734.14350,,
NY.GDP.MKTP.CD,HUN,1996,46658755151.60170,,
NY.GDP.MKTP.CD,HUN,1997,47296952928.75610,,
NY.GDP.MKTP.CD,HUN,1998,48706787306.25740,,
NY.GDP.MKTP.CD,HUN,1999,49073380173.71590,,
NY.GDP.MKTP.CD,HUN,2000,47218405892.42580,,
NY.GDP.MKTP.CD,HUN,2001,53749989092.01970,,
NY.GDP.MKTP.CD,HUN,2002,67608919144.36840,,
NY.GDP.MKTP.CD,HUN,2003,85302003908.04201,,
NY.GDP.MKTP.CD,HUN,2004,104141042625.79100,,
NY.GDP.MKTP.CD,HUN,2005,113236711635.53900,,
NY.GDP.MKTP.CD,HUN,2006,115751266695.18500,,
NY.GDP.MKTP.CD,HUN,2007,140227560615.12100,,
NY.GDP.MKTP.CD,HUN,2008,158374419641.01599,,
NY.GDP.MKTP.CD,HUN,2009,131114229049.17799,,
NY.GDP.MKTP.CD,HUN,2010,132231134158.60799,,
NY.GDP.MKTP.CD,HUN,2011,141999960209.89301,,
NY.GDP.MKTP.CD,HUN,2012,128857370476.63100,,
NY.GDP.MKTP.CD,HUN,2013,135732595721.85300,,
NY.GDP.MKTP.CD,HUN,2014,141078984816.67499,,
NY.GDP.MKTP.CD,HUN,2015,125210324613.14000,,
NY.GDP.MKTP.CD,HUN,2016,128636108315.47400,,
NY.GDP.MKTP.CD,HUN,2017,143136245596.98801,,
NY.GDP.MKTP.CD,HUN,2018,160586833778.45700,,
NY.GDP.MKTP.CD,HUN,2019,163526491433.29001,,
NY.GDP.MKTP.CN,HUN,1991,2597308031000,,
NY.GDP.MKTP.CN,HUN,1992,3059263140000,,
NY.GDP.MKTP.CN,HUN,1993,3688852139000,,
NY.GDP.MKTP.CN,HUN,1994,4537754652000,,
NY.GDP.MKTP.CN,HUN,1995,5836483000000,,
NY.GDP.MKTP.CN,HUN,1996,7122305000000,,
NY.GDP.MKTP.CN,HUN,1997,8834560000000,,
NY.GDP.MKTP.CN,HUN,1998,10442817999999.99800,,
NY.GDP.MKTP.CN,HUN,1999,11637546000000,,
NY.GDP.MKTP.CN,HUN,2000,13324052000000,,
NY.GDP.MKTP.CN,HUN,2001,15398700000000,,
NY.GDP.MKTP.CN,HUN,2002,17433858999999.99800,,
NY.GDP.MKTP.CN,HUN,2003,19133811000000,,
NY.GDP.MKTP.CN,HUN,2004,21114159000000,,
NY.GDP.MKTP.CN,HUN,2005,22600066000000,,
NY.GDP.MKTP.CN,HUN,2006,24352909000000,,
NY.GDP.MKTP.CN,HUN,2007,25749398000000,,
NY.GDP.MKTP.CN,HUN,2008,27258344000000,,
NY.GDP.MKTP.CN,HUN,2009,26529876000000,,
NY.GDP.MKTP.CN,HUN,2010,27496693000000,,
NY.GDP.MKTP.CN,HUN,2011,28549802000000.00400,,
NY.GDP.MKTP.CN,HUN,2012,29006331000000,,
NY.GDP.MKTP.CN,HUN,2013,30362703000000,,
NY.GDP.MKTP.CN,HUN,2014,32815207000000,,
NY.GDP.MKTP.CN,HUN,2015,34975313000000,,
NY.GDP.MKTP.CN,HUN,2016,36214066000000,,
NY.GDP.MKTP.CN,HUN,2017,39281357000000,,
NY.GDP.MKTP.CN,HUN,2018,43392436000000,,
NY.GDP.MKTP.CN,HUN,2019,47530610000000,,
NY.GDP.MKTP.KD,HUN,1991,78757805045.95781,,
NY.GDP.MKTP.KD,HUN,1992,76344523863.13800,,
NY.GDP.MKTP.KD,HUN,1993,75904696556.97060,,
NY.GDP.MKTP.KD,HUN,1994,78141725280.80330,,
NY.GDP.MKTP.KD,HUN,1995,79305666186.35500,,
NY.GDP.MKTP.KD,HUN,1996,79371021989.92239,,
NY.GDP.MKTP.KD,HUN,1997,81865754969.43610,,
NY.GDP.MKTP.KD,HUN,1998,85058519864.31941,,
NY.GDP.MKTP.KD,HUN,1999,87670689948.35901,,
NY.GDP.MKTP.KD,HUN,2000,91597630064.52881,,
NY.GDP.MKTP.KD,HUN,2001,95329401340.69609,,
NY.GDP.MKTP.KD,HUN,2002,99849237020.39690,,
NY.GDP.MKTP.KD,HUN,2003,103927602409.31500,,
NY.GDP.MKTP.KD,HUN,2004,109124448461.95799,,
NY.GDP.MKTP.KD,HUN,2005,113811647409.44901,,
NY.GDP.MKTP.KD,HUN,2006,118304669166.67400,,
NY.GDP.MKTP.KD,HUN,2007,118632350335.17400,,
NY.GDP.MKTP.KD,HUN,2008,119826343157.34801,,
NY.GDP.MKTP.KD,HUN,2009,111923227694.59300,,
NY.GDP.MKTP.KD,HUN,2010,113135489067.68800,,
NY.GDP.MKTP.KD,HUN,2011,115239984606.15900,,
NY.GDP.MKTP.KD,HUN,2012,113790554267.76300,,
NY.GDP.MKTP.KD,HUN,2013,115846025793.63300,,
NY.GDP.MKTP.KD,HUN,2014,120739043970.89500,,
NY.GDP.MKTP.KD,HUN,2015,125210324613.14000,,
NY.GDP.MKTP.KD,HUN,2016,127954885306.93700,,
NY.GDP.MKTP.KD,HUN,2017,133416713057.01999,,
NY.GDP.MKTP.KD,HUN,2018,140567177109.71698,,
NY.GDP.MKTP.KD,HUN,2019,146968695014.00699,,
NY.GDP.MKTP.KD.ZG,HUN,1992,-3.06418,,
NY.GDP.MKTP.KD.ZG,HUN,1993,-0.57611,,
NY.GDP.MKTP.KD.ZG,HUN,1994,2.94715,,
NY.GDP.MKTP.KD.ZG,HUN,1995,1.48953,,
NY.GDP.MKTP.KD.ZG,HUN,1996,0.08241,,
NY.GDP.MKTP.KD.ZG,HUN,1997,3.14313,,
NY.GDP.MKTP.KD.ZG,HUN,1998,3.90000,,
NY.GDP.MKTP.KD.ZG,HUN,1999,3.07103,,
NY.GDP.MKTP.KD.ZG,HUN,2000,4.47919,,
NY.GDP.MKTP.KD.ZG,HUN,2001,4.07409,,
NY.GDP.MKTP.KD.ZG,HUN,2002,4.74128,,
NY.GDP.MKTP.KD.ZG,HUN,2003,4.08452,,
NY.GDP.MKTP.KD.ZG,HUN,2004,5.00045,,
NY.GDP.MKTP.KD.ZG,HUN,2005,4.29528,,
NY.GDP.MKTP.KD.ZG,HUN,2006,3.94777,,
NY.GDP.MKTP.KD.ZG,HUN,2007,0.27698,,
NY.GDP.MKTP.KD.ZG,HUN,2008,1.00646,,
NY.GDP.MKTP.KD.ZG,HUN,2009,-6.59547,,
NY.GDP.MKTP.KD.ZG,HUN,2010,1.08312,,
NY.GDP.MKTP.KD.ZG,HUN,2011,1.86016,,
NY.GDP.MKTP.KD.ZG,HUN,2012,-1.25775,,
NY.GDP.MKTP.KD.ZG,HUN,2013,1.80636,,
NY.GDP.MKTP.KD.ZG,HUN,2014,4.22373,,
NY.GDP.MKTP.KD.ZG,HUN,2015,3.70326,,
NY.GDP.MKTP.KD.ZG,HUN,2016,2.19196,,
NY.GDP.MKTP.KD.ZG,HUN,2017,4.26856,,
NY.GDP.MKTP.KD.ZG,HUN,2018,5.35950,,
NY.GDP.MKTP.KD.ZG,HUN,2019,4.55406,,
NY.GDP.MKTP.KN,HUN,1991,21999614578000,,
NY.GDP.MKTP.KN,HUN,1992,21325506712000,,
NY.GDP.MKTP.KN,HUN,1993,21202648651000,,
NY.GDP.MKTP.KN,HUN,1994,21827523477000,,
NY.GDP.MKTP.KN,HUN,1995,22152650000000,,
NY.GDP.MKTP.KN,HUN,1996,22170906000000,,
NY.GDP.MKTP.KN,HUN,1997,22867766000000,,
NY.GDP.MKTP.KN,HUN,1998,23759609000000,,
NY.GDP.MKTP.KN,HUN,1999,24489273000000,,
NY.GDP.MKTP.KN,HUN,2000,25586195000000,,
NY.GDP.MKTP.KN,HUN,2001,26628600000000,,
NY.GDP.MKTP.KN,HUN,2002,27891137000000,,
NY.GDP.MKTP.KN,HUN,2003,29030357000000,,
NY.GDP.MKTP.KN,HUN,2004,30482005000000,,
NY.GDP.MKTP.KN,HUN,2005,31791292000000,,
NY.GDP.MKTP.KN,HUN,2006,33046339000000,,
NY.GDP.MKTP.KN,HUN,2007,33137871000000,,
NY.GDP.MKTP.KN,HUN,2008,33471392000000,,
NY.GDP.MKTP.KN,HUN,2009,31263795000000,,
NY.GDP.MKTP.KN,HUN,2010,31602419000000,,
NY.GDP.MKTP.KN,HUN,2011,32190273000000,,
NY.GDP.MKTP.KN,HUN,2012,31785400000000,,
NY.GDP.MKTP.KN,HUN,2013,32359560000000,,
NY.GDP.MKTP.KN,HUN,2014,33726339000000,,
NY.GDP.MKTP.KN,HUN,2015,34975313000000,,
NY.GDP.MKTP.KN,HUN,2016,35741958000000,,
NY.GDP.MKTP.KN,HUN,2017,37267624000000,,
NY.GDP.MKTP.KN,HUN,2018,39264981000000,,
NY.GDP.MKTP.KN,HUN,2019,41053133000000,,
NY.GDP.MKTP.PP.CD,HUN,1991,86315335601.88020,,
NY.GDP.MKTP.PP.CD,HUN,1992,85577250728.67279,,
NY.GDP.MKTP.PP.CD,HUN,1993,87101019935.03270,,
NY.GDP.MKTP.PP.CD,HUN,1994,91582813009.00661,,
NY.GDP.MKTP.PP.CD,HUN,1995,94895967360.83000,,
NY.GDP.MKTP.PP.CD,HUN,1996,96407059250.11841,,
NY.GDP.MKTP.PP.CD,HUN,1997,101102386754.28000,,
NY.GDP.MKTP.PP.CD,HUN,1998,106752843804.55800,,
NY.GDP.MKTP.PP.CD,HUN,1999,111315201192.57100,,
NY.GDP.MKTP.PP.CD,HUN,2000,121032462098.61101,,
NY.GDP.MKTP.PP.CD,HUN,2001,134556710886.52100,,
NY.GDP.MKTP.PP.CD,HUN,2002,147567884018.72900,,
NY.GDP.MKTP.PP.CD,HUN,2003,156818837080.53500,,
NY.GDP.MKTP.PP.CD,HUN,2004,164463538605.24701,,
NY.GDP.MKTP.PP.CD,HUN,2005,172611895620.97501,,
NY.GDP.MKTP.PP.CD,HUN,2006,185206554981.31500,,
NY.GDP.MKTP.PP.CD,HUN,2007,192063906876.76801,,
NY.GDP.MKTP.PP.CD,HUN,2008,208070456356.53601,,
NY.GDP.MKTP.PP.CD,HUN,2009,207767368877.18903,,
NY.GDP.MKTP.PP.CD,HUN,2010,217518838684.98801,,
NY.GDP.MKTP.PP.CD,HUN,2011,229736703978.52701,,
NY.GDP.MKTP.PP.CD,HUN,2012,230898725659.90903,,
NY.GDP.MKTP.PP.CD,HUN,2013,242941598582.39700,,
NY.GDP.MKTP.PP.CD,HUN,2014,253565765890.42902,,
NY.GDP.MKTP.PP.CD,HUN,2015,263858067583.42300,,
NY.GDP.MKTP.PP.CD,HUN,2016,274278759096.80798,,
NY.GDP.MKTP.PP.CD,HUN,2017,288755963637.47198,,
NY.GDP.MKTP.PP.CD,HUN,2018,311968303729.15100,,
NY.GDP.MKTP.PP.CD,HUN,2019,327479221871.95203,,
NY.GDP.MKTP.PP.KD,HUN,1991,170456799368.89301,,
NY.GDP.MKTP.PP.KD,HUN,1992,165233695624.94601,,
NY.GDP.MKTP.PP.KD,HUN,1993,164281770227.32199,,
NY.GDP.MKTP.PP.KD,HUN,1994,169123407905.49600,,
NY.GDP.MKTP.PP.KD,HUN,1995,171642544152.36200,,
NY.GDP.MKTP.PP.KD,HUN,1996,171783994781.79199,,
NY.GDP.MKTP.PP.KD,HUN,1997,177183385975.08099,,
NY.GDP.MKTP.PP.KD,HUN,1998,184093539004.37900,,
NY.GDP.MKTP.PP.KD,HUN,1999,189747101234.46899,,
NY.GDP.MKTP.PP.KD,HUN,2000,198246241645.06104,,
NY.GDP.MKTP.PP.KD,HUN,2001,206322974958.55301,,
NY.GDP.MKTP.PP.KD,HUN,2002,216105328887.60901,,
NY.GDP.MKTP.PP.KD,HUN,2003,224932201480.69598,,
NY.GDP.MKTP.PP.KD,HUN,2004,236179819979.32700,,
NY.GDP.MKTP.PP.KD,HUN,2005,246324400952.96198,,
NY.GDP.MKTP.PP.KD,HUN,2006,256048721073.16397,,
NY.GDP.MKTP.PP.KD,HUN,2007,256757926759.67798,,
NY.GDP.MKTP.PP.KD,HUN,2008,259342104858.83301,,
NY.GDP.MKTP.PP.KD,HUN,2009,242237263427.08002,,
NY.GDP.MKTP.PP.KD,HUN,2010,244860980448.34198,,
NY.GDP.MKTP.PP.KD,HUN,2011,249415774396.25003,,
NY.GDP.MKTP.PP.KD,HUN,2012,246278748723.08701,,
NY.GDP.MKTP.PP.KD,HUN,2013,250727439202.57901,,
NY.GDP.MKTP.PP.KD,HUN,2014,261317478085.24200,,
NY.GDP.MKTP.PP.KD,HUN,2015,270994743556.42300,,
NY.GDP.MKTP.PP.KD,HUN,2016,276934840938.07599,,
NY.GDP.MKTP.PP.KD,HUN,2017,288755963637.47198,,
NY.GDP.MKTP.PP.KD,HUN,2018,304231829371.84296,,
NY.GDP.MKTP.PP.KD,HUN,2019,318086738766.93298,,
NY.GDP.PCAP.CD,HUN,1991,3350.25832,,
NY.GDP.PCAP.CD,HUN,1992,3735.10582,,
NY.GDP.PCAP.CD,HUN,1993,3873.98772,,
NY.GDP.PCAP.CD,HUN,1994,4173.37302,,
NY.GDP.PCAP.CD,HUN,1995,4494.70762,,
NY.GDP.PCAP.CD,HUN,1996,4525.03910,,
NY.GDP.PCAP.CD,HUN,1997,4596.18262,,
NY.GDP.PCAP.CD,HUN,1998,4744.21226,,
NY.GDP.PCAP.CD,HUN,1999,4793.47852,,
NY.GDP.PCAP.CD,HUN,2000,4624.28166,,
NY.GDP.PCAP.CD,HUN,2001,5276.03319,,
NY.GDP.PCAP.CD,HUN,2002,6655.33301,,
NY.GDP.PCAP.CD,HUN,2003,8421.10331,,
NY.GDP.PCAP.CD,HUN,2004,10303.70419,,
NY.GDP.PCAP.CD,HUN,2005,11225.93258,,
NY.GDP.PCAP.CD,HUN,2006,11493.10041,,
NY.GDP.PCAP.CD,HUN,2007,13944.97101,,
NY.GDP.PCAP.CD,HUN,2008,15777.19202,,
NY.GDP.PCAP.CD,HUN,2009,13081.79264,,
NY.GDP.PCAP.CD,HUN,2010,13223.08300,,
NY.GDP.PCAP.CD,HUN,2011,14240.25750,,
NY.GDP.PCAP.CD,HUN,2012,12989.18028,,
NY.GDP.PCAP.CD,HUN,2013,13719.95054,,
NY.GDP.PCAP.CD,HUN,2014,14298.83367,,
NY.GDP.PCAP.CD,HUN,2015,12720.71202,,
NY.GDP.PCAP.CD,HUN,2016,13107.37791,,
NY.GDP.PCAP.CD,HUN,2017,14623.69665,,
NY.GDP.PCAP.CD,HUN,2018,16427.37276,,
NY.GDP.PCAP.CD,HUN,2019,16735.65978,,
NY.GDP.PCAP.CN,HUN,1991,250381.55581,,
NY.GDP.PCAP.CN,HUN,1992,295029.65907,,
NY.GDP.PCAP.CN,HUN,1993,356151.96211,,
NY.GDP.PCAP.CN,HUN,1994,438712.06702,,
NY.GDP.PCAP.CN,HUN,1995,565059.80996,,
NY.GDP.PCAP.CN,HUN,1996,690732.28646,,
NY.GDP.PCAP.CN,HUN,1997,858517.27508,,
NY.GDP.PCAP.CN,HUN,1998,1017167.17463,,
NY.GDP.PCAP.CN,HUN,1999,1136753.29889,,
NY.GDP.PCAP.CN,HUN,2000,1304876.09846,,
NY.GDP.PCAP.CN,HUN,2001,1511517.55825,,
NY.GDP.PCAP.CN,HUN,2002,1716166.13221,,
NY.GDP.PCAP.CN,HUN,2003,1888909.89453,,
NY.GDP.PCAP.CN,HUN,2004,2089032.74970,,
NY.GDP.PCAP.CN,HUN,2005,2240499.68945,,
NY.GDP.PCAP.CN,HUN,2006,2418033.39566,,
NY.GDP.PCAP.CN,HUN,2007,2560656.45828,,
NY.GDP.PCAP.CN,HUN,2008,2715464.58385,,
NY.GDP.PCAP.CN,HUN,2009,2646992.16275,,
NY.GDP.PCAP.CN,HUN,2010,2749662.97578,,
NY.GDP.PCAP.CN,HUN,2011,2863074.97187,,
NY.GDP.PCAP.CN,HUN,2012,2923918.60297,,
NY.GDP.PCAP.CN,HUN,2013,3069084.33590,,
NY.GDP.PCAP.CN,HUN,2014,3325932.54243,,
NY.GDP.PCAP.CN,HUN,2015,3553308.29090,,
NY.GDP.PCAP.CN,HUN,2016,3690032.72155,,
NY.GDP.PCAP.CN,HUN,2017,4013229.81710,,
NY.GDP.PCAP.CN,HUN,2018,4438867.77274,,
NY.GDP.PCAP.CN,HUN,2019,4864386.87150,,
NY.GDP.PCAP.PP.CD,HUN,1991,8320.83363,,
NY.GDP.PCAP.PP.CD,HUN,1992,8252.91122,,
NY.GDP.PCAP.PP.CD,HUN,1993,8409.44499,,
NY.GDP.PCAP.PP.CD,HUN,1994,8854.26566,,
NY.GDP.PCAP.PP.CD,HUN,1995,9187.36460,,
NY.GDP.PCAP.PP.CD,HUN,1996,9349.70750,,
NY.GDP.PCAP.PP.CD,HUN,1997,9824.84080,,
NY.GDP.PCAP.PP.CD,HUN,1998,10398.10217,,
NY.GDP.PCAP.PP.CD,HUN,1999,10873.24786,,
NY.GDP.PCAP.PP.CD,HUN,2000,11853.17852,,
NY.GDP.PCAP.PP.CD,HUN,2001,13207.92217,,
NY.GDP.PCAP.PP.CD,HUN,2002,14526.38826,,
NY.GDP.PCAP.PP.CD,HUN,2003,15481.32011,,
NY.GDP.PCAP.PP.CD,HUN,2004,16272.00583,,
NY.GDP.PCAP.PP.CD,HUN,2005,17112.20217,,
NY.GDP.PCAP.PP.CD,HUN,2006,18389.41028,,
NY.GDP.PCAP.PP.CD,HUN,2007,19099.85171,,
NY.GDP.PCAP.PP.CD,HUN,2008,20727.88997,,
NY.GDP.PCAP.PP.CD,HUN,2009,20729.78393,,
NY.GDP.PCAP.PP.CD,HUN,2010,21751.83384,,
NY.GDP.PCAP.PP.CD,HUN,2011,23038.80802,,
NY.GDP.PCAP.PP.CD,HUN,2012,23275.23186,,
NY.GDP.PCAP.PP.CD,HUN,2013,24556.71535,,
NY.GDP.PCAP.PP.CD,HUN,2014,25699.75050,,
NY.GDP.PCAP.PP.CD,HUN,2015,26806.59525,,
NY.GDP.PCAP.PP.CD,HUN,2016,27947.63769,,
NY.GDP.PCAP.PP.CD,HUN,2017,29501.12042,,
NY.GDP.PCAP.PP.CD,HUN,2018,31913.07466,,
NY.GDP.PCAP.PP.CD,HUN,2019,33514.94179,,
NY.GDP.PCAP.PP.KD,HUN,1991,16432.10513,,
NY.GDP.PCAP.PP.KD,HUN,1992,15934.83092,,
NY.GDP.PCAP.PP.KD,HUN,1993,15861.10600,,
NY.GDP.PCAP.PP.KD,HUN,1994,16350.92365,,
NY.GDP.PCAP.PP.KD,HUN,1995,16617.59374,,
NY.GDP.PCAP.PP.KD,HUN,1996,16659.88068,,
NY.GDP.PCAP.PP.KD,HUN,1997,17218.17473,,
NY.GDP.PCAP.PP.KD,HUN,1998,17931.35770,,
NY.GDP.PCAP.PP.KD,HUN,1999,18534.46107,,
NY.GDP.PCAP.PP.KD,HUN,2000,19415.02347,,
NY.GDP.PCAP.PP.KD,HUN,2001,20252.41087,,
NY.GDP.PCAP.PP.KD,HUN,2002,21273.12412,,
NY.GDP.PCAP.PP.KD,HUN,2003,22205.54290,,
NY.GDP.PCAP.PP.KD,HUN,2004,23367.60743,,
NY.GDP.PCAP.PP.KD,HUN,2005,24419.82886,,
NY.GDP.PCAP.PP.KD,HUN,2006,25423.42512,,
NY.GDP.PCAP.PP.KD,HUN,2007,25533.36755,,
NY.GDP.PCAP.PP.KD,HUN,2008,25835.54969,,
NY.GDP.PCAP.PP.KD,HUN,2009,24168.98359,,
NY.GDP.PCAP.PP.KD,HUN,2010,24486.04173,,
NY.GDP.PCAP.PP.KD,HUN,2011,25012.29470,,
NY.GDP.PCAP.PP.KD,HUN,2012,24825.58083,,
NY.GDP.PCAP.PP.KD,HUN,2013,25343.71384,,
NY.GDP.PCAP.PP.KD,HUN,2014,26485.41282,,
NY.GDP.PCAP.PP.KD,HUN,2015,27531.64408,,
NY.GDP.PCAP.PP.KD,HUN,2016,28218.27918,,
NY.GDP.PCAP.PP.KD,HUN,2017,29501.12042,,
NY.GDP.PCAP.PP.KD,HUN,2018,31121.66514,,
NY.GDP.PCAP.PP.KD,HUN,2019,32553.69447,,
NY.GNP.MKTP.CN,HUN,1993,3601534097000,,
NY.GNP.MKTP.CN,HUN,1994,4412306355000,,
NY.GNP.MKTP.CN,HUN,1995,5585357481000,,
NY.GNP.MKTP.CN,HUN,1996,6800442889000,,
NY.GNP.MKTP.CN,HUN,1997,8296160374999.99900,,
NY.GNP.MKTP.CN,HUN,1998,9794892060000,,
NY.GNP.MKTP.CN,HUN,1999,10882873000000,,
NY.GNP.MKTP.CN,HUN,2000,12550147000000,,
NY.GNP.MKTP.CN,HUN,2001,14504986000000,,
NY.GNP.MKTP.CN,HUN,2002,16442587000000,,
NY.GNP.MKTP.CN,HUN,2003,18063097000000,,
NY.GNP.MKTP.CN,HUN,2004,19824375000000,,
NY.GNP.MKTP.CN,HUN,2005,21182957000000,,
NY.GNP.MKTP.CN,HUN,2006,22846953000000,,
NY.GNP.MKTP.CN,HUN,2007,23797937000000,,
NY.GNP.MKTP.CN,HUN,2008,25465519000000,,
NY.GNP.MKTP.CN,HUN,2009,25375486000000,,
NY.GNP.MKTP.CN,HUN,2010,26203046000000,,
NY.GNP.MKTP.CN,HUN,2011,27167812000000,,
NY.GNP.MKTP.CN,HUN,2012,27778685000000,,
NY.GNP.MKTP.CN,HUN,2013,29479849000000,,
NY.GNP.MKTP.CN,HUN,2014,31334612000000,,
NY.GNP.MKTP.CN,HUN,2015,33301654000000,,
NY.GNP.MKTP.CN,HUN,2016,35237543000000,,
NY.GNP.MKTP.CN,HUN,2017,37692333000000,,
NY.GNP.MKTP.CN,HUN,2018,41693069000000,,
NY.GNP.MKTP.CN,HUN,2019,46280135000000,,
NY.GNP.PCAP.CD,HUN,1993,3660.00000,,
NY.GNP.PCAP.CD,HUN,1994,4030.00000,,
NY.GNP.PCAP.CD,HUN,1995,4250.00000,,
NY.GNP.PCAP.CD,HUN,1996,4370.00000,,
NY.GNP.PCAP.CD,HUN,1997,4400.00000,,
NY.GNP.PCAP.CD,HUN,1998,4410,,
NY.GNP.PCAP.CD,HUN,1999,4490,,
NY.GNP.PCAP.CD,HUN,2000,4620,,
NY.GNP.PCAP.CD,HUN,2001,4790,,
NY.GNP.PCAP.CD,HUN,2002,5290.00000,,
NY.GNP.PCAP.CD,HUN,2003,6630,,
NY.GNP.PCAP.CD,HUN,2004,8650,,
NY.GNP.PCAP.CD,HUN,2005,10390,,
NY.GNP.PCAP.CD,HUN,2006,11250,,
NY.GNP.PCAP.CD,HUN,2007,11770,,
NY.GNP.PCAP.CD,HUN,2008,13250.00000,,
NY.GNP.PCAP.CD,HUN,2009,13420,,
NY.GNP.PCAP.CD,HUN,2010,13270,,
NY.GNP.PCAP.CD,HUN,2011,13260,,
NY.GNP.PCAP.CD,HUN,2012,13090,,
NY.GNP.PCAP.CD,HUN,2013,13520,,
NY.GNP.PCAP.CD,HUN,2014,13560,,
NY.GNP.PCAP.CD,HUN,2015,13230,,
NY.GNP.PCAP.CD,HUN,2016,13100,,
NY.GNP.PCAP.CD,HUN,2017,13190,,
NY.GNP.PCAP.CD,HUN,2018,14980.00000,,
NY.GNP.PCAP.CD,HUN,2019,16520,,
NY.GNP.PCAP.CN,HUN,1993,347721.56403,,
NY.GNP.PCAP.CN,HUN,1994,426583.67184,,
NY.GNP.PCAP.CN,HUN,1995,540747.06236,,
NY.GNP.PCAP.CN,HUN,1996,659517.59517,,
NY.GNP.PCAP.CN,HUN,1997,806197.13928,,
NY.GNP.PCAP.CN,HUN,1998,954056.91093,,
NY.GNP.PCAP.CN,HUN,1999,1063036.98255,,
NY.GNP.PCAP.CN,HUN,2000,1229084.57971,,
NY.GNP.PCAP.CN,HUN,2001,1423791.68509,,
NY.GNP.PCAP.CN,HUN,2002,1618586.62132,,
NY.GNP.PCAP.CN,HUN,2003,1783207.88521,,
NY.GNP.PCAP.CN,HUN,2004,1961421.65157,,
NY.GNP.PCAP.CN,HUN,2005,2100011.94599,,
NY.GNP.PCAP.CN,HUN,2006,2268504.97996,,
NY.GNP.PCAP.CN,HUN,2007,2366592.84511,,
NY.GNP.PCAP.CN,HUN,2008,2536864.12329,,
NY.GNP.PCAP.CN,HUN,2009,2531814.04120,,
NY.GNP.PCAP.CN,HUN,2010,2620298.57331,,
NY.GNP.PCAP.CN,HUN,2011,2724484.13399,,
NY.GNP.PCAP.CN,HUN,2012,2800168.48175,,
NY.GNP.PCAP.CN,HUN,2013,2979844.80468,,
NY.GNP.PCAP.CN,HUN,2014,3175869.21683,,
NY.GNP.PCAP.CN,HUN,2015,3383273.31793,,
NY.GNP.PCAP.CN,HUN,2016,3590529.89788,,
NY.GNP.PCAP.CN,HUN,2017,3850885.15837,,
NY.GNP.PCAP.CN,HUN,2018,4265029.51646,,
NY.GNP.PCAP.CN,HUN,2019,4736410.51746,,
NY.GNP.PCAP.PP.CD,HUN,1993,8210,,
NY.GNP.PCAP.PP.CD,HUN,1994,8610,,
NY.GNP.PCAP.PP.CD,HUN,1995,8790,,
NY.GNP.PCAP.PP.CD,HUN,1996,8930,,
NY.GNP.PCAP.PP.CD,HUN,1997,9230,,
NY.GNP.PCAP.PP.CD,HUN,1998,9750,,
NY.GNP.PCAP.PP.CD,HUN,1999,10170,,
NY.GNP.PCAP.PP.CD,HUN,2000,11160.00000,,
NY.GNP.PCAP.PP.CD,HUN,2001,12440.00000,,
NY.GNP.PCAP.PP.CD,HUN,2002,13700,,
NY.GNP.PCAP.PP.CD,HUN,2003,14610,,
NY.GNP.PCAP.PP.CD,HUN,2004,15280,,
NY.GNP.PCAP.PP.CD,HUN,2005,16040,,
NY.GNP.PCAP.PP.CD,HUN,2006,17250,,
NY.GNP.PCAP.PP.CD,HUN,2007,17650,,
NY.GNP.PCAP.PP.CD,HUN,2008,19360,,
NY.GNP.PCAP.PP.CD,HUN,2009,19830,,
NY.GNP.PCAP.PP.CD,HUN,2010,20730.00000,,
NY.GNP.PCAP.PP.CD,HUN,2011,21920,,
NY.GNP.PCAP.PP.CD,HUN,2012,22290.00000,,
NY.GNP.PCAP.PP.CD,HUN,2013,23840,,
NY.GNP.PCAP.PP.CD,HUN,2014,24540,,
NY.GNP.PCAP.PP.CD,HUN,2015,25520,,
NY.GNP.PCAP.PP.CD,HUN,2016,27190,,
NY.GNP.PCAP.PP.CD,HUN,2017,28310.00000,,
NY.GNP.PCAP.PP.CD,HUN,2018,30660,,
NY.GNP.PCAP.PP.CD,HUN,2019,32630,,
PA.NUS.ATLS,HUN,1970,60,,
PA.NUS.ATLS,HUN,1971,59.82170,,
PA.NUS.ATLS,HUN,1972,55.26000,,
PA.NUS.ATLS,HUN,1973,48.96580,,
PA.NUS.ATLS,HUN,1974,46.75000,,
PA.NUS.ATLS,HUN,1975,43.97330,,
PA.NUS.ATLS,HUN,1976,41.57500,,
PA.NUS.ATLS,HUN,1977,40.96170,,
PA.NUS.ATLS,HUN,1978,37.91170,,
PA.NUS.ATLS,HUN,1979,35.58000,,
PA.NUS.ATLS,HUN,1980,32.53250,,
PA.NUS.ATLS,HUN,1981,34.31500,,
PA.NUS.ATLS,HUN,1982,36.63170,,
PA.NUS.ATLS,HUN,1983,42.67080,,
PA.NUS.ATLS,HUN,1984,48.04250,,
PA.NUS.ATLS,HUN,1985,50.12080,,
PA.NUS.ATLS,HUN,1986,45.83250,,
PA.NUS.ATLS,HUN,1987,46.97170,,
PA.NUS.ATLS,HUN,1988,50.41420,,
PA.NUS.ATLS,HUN,1989,59.06670,,
PA.NUS.ATLS,HUN,1990,63.20500,,
PA.NUS.ATLS,HUN,1991,74.73500,,
PA.NUS.ATLS,HUN,1992,78.98830,,
PA.NUS.ATLS,HUN,1993,91.93420,,
PA.NUS.ATLS,HUN,1994,105.12170,,
PA.NUS.ATLS,HUN,1995,125.71670,,
PA.NUS.ATLS,HUN,1996,152.64670,,
PA.NUS.ATLS,HUN,1997,186.78920,,
PA.NUS.ATLS,HUN,1998,214.40170,,
PA.NUS.ATLS,HUN,1999,237.14580,,
PA.NUS.ATLS,HUN,2000,282.17920,,
PA.NUS.ATLS,HUN,2001,286.48750,,
PA.NUS.ATLS,HUN,2002,257.86330,,
PA.NUS.ATLS,HUN,2003,224.30670,,
PA.NUS.ATLS,HUN,2004,202.74580,,
PA.NUS.ATLS,HUN,2005,199.58250,,
PA.NUS.ATLS,HUN,2006,210.39000,,
PA.NUS.ATLS,HUN,2007,183.62580,,
PA.NUS.ATLS,HUN,2008,172.11330,,
PA.NUS.ATLS,HUN,2009,202.34170,,
PA.NUS.ATLS,HUN,2010,207.94417,,
PA.NUS.ATLS,HUN,2011,201.05500,,
PA.NUS.ATLS,HUN,2012,225.10417,,
PA.NUS.ATLS,HUN,2013,223.69500,,
PA.NUS.ATLS,HUN,2014,232.60167,,
PA.NUS.ATLS,HUN,2015,279.33250,,
PA.NUS.ATLS,HUN,2016,281.52333,,
PA.NUS.ATLS,HUN,2017,274.43333,,
PA.NUS.ATLS,HUN,2018,270.21167,,
PA.NUS.ATLS,HUN,2019,290.66000,,
PA.NUS.FCRF,HUN,1970,60.00000,,
PA.NUS.FCRF,HUN,1971,59.82162,,
PA.NUS.FCRF,HUN,1972,55.26000,,
PA.NUS.FCRF,HUN,1973,48.96622,,
PA.NUS.FCRF,HUN,1974,46.75240,,
PA.NUS.FCRF,HUN,1975,43.97138,,
PA.NUS.FCRF,HUN,1976,41.57527,,
PA.NUS.FCRF,HUN,1977,40.96075,,
PA.NUS.FCRF,HUN,1978,37.91135,,
PA.NUS.FCRF,HUN,1979,35.57800,,
PA.NUS.FCRF,HUN,1980,32.53228,,
PA.NUS.FCRF,HUN,1981,34.31429,,
PA.NUS.FCRF,HUN,1982,36.63055,,
PA.NUS.FCRF,HUN,1983,42.67115,,
PA.NUS.FCRF,HUN,1984,48.04221,,
PA.NUS.FCRF,HUN,1985,50.11940,,
PA.NUS.FCRF,HUN,1986,45.83215,,
PA.NUS.FCRF,HUN,1987,46.97054,,
PA.NUS.FCRF,HUN,1988,50.41321,,
PA.NUS.FCRF,HUN,1989,59.06634,,
PA.NUS.FCRF,HUN,1990,63.20587,,
PA.NUS.FCRF,HUN,1991,74.73538,,
PA.NUS.FCRF,HUN,1992,78.98839,,
PA.NUS.FCRF,HUN,1993,91.93318,,
PA.NUS.FCRF,HUN,1994,105.16046,,
PA.NUS.FCRF,HUN,1995,125.68142,,
PA.NUS.FCRF,HUN,1996,152.64667,,
PA.NUS.FCRF,HUN,1997,186.78917,,
PA.NUS.FCRF,HUN,1998,214.40167,,
PA.NUS.FCRF,HUN,1999,237.14583,,
PA.NUS.FCRF,HUN,2000,282.17917,,
PA.NUS.FCRF,HUN,2001,286.49000,,
PA.NUS.FCRF,HUN,2002,257.88667,,
PA.NUS.FCRF,HUN,2003,224.30667,,
PA.NUS.FCRF,HUN,2004,202.74583,,
PA.NUS.FCRF,HUN,2005,199.58250,,
PA.NUS.FCRF,HUN,2006,210.39000,,
PA.NUS.FCRF,HUN,2007,183.62583,,
PA.NUS.FCRF,HUN,2008,172.11333,,
PA.NUS.FCRF,HUN,2009,202.34167,,
PA.NUS.FCRF,HUN,2010,207.94417,,
PA.NUS.FCRF,HUN,2011,201.05500,,
PA.NUS.FCRF,HUN,2012,225.10417,,
PA.NUS.FCRF,HUN,2013,223.69500,,
PA.NUS.FCRF,HUN,2014,232.60167,,
PA.NUS.FCRF,HUN,2015,279.33250,,
PA.NUS.FCRF,HUN,2016,281.52333,,
PA.NUS.FCRF,HUN,2017,274.43333,,
PA.NUS.FCRF,HUN,2018,270.21167,,
PA.NUS.FCRF,HUN,2019,290.66000,,
PA.NUS.PPP,HUN,1991,30.09092,,
PA.NUS.PPP,HUN,1992,35.74856,,
PA.NUS.PPP,HUN,1993,42.35142,,
PA.NUS.PPP,HUN,1994,49.54810,,
PA.NUS.PPP,HUN,1995,61.50401,,
PA.NUS.PPP,HUN,1996,73.87742,,
PA.NUS.PPP,HUN,1997,87.38231,,
PA.NUS.PPP,HUN,1998,97.82239,,
PA.NUS.PPP,HUN,1999,104.54588,,
PA.NUS.PPP,HUN,2000,110.08660,,
PA.NUS.PPP,HUN,2001,114.44022,,
PA.NUS.PPP,HUN,2002,118.14128,,
PA.NUS.PPP,HUN,2003,122.01220,,
PA.NUS.PPP,HUN,2004,128.38201,,
PA.NUS.PPP,HUN,2005,130.92995,,
PA.NUS.PPP,HUN,2006,131.49053,,
PA.NUS.PPP,HUN,2007,134.06682,,
PA.NUS.PPP,HUN,2008,131.00536,,
PA.NUS.PPP,HUN,2009,127.69029,,
PA.NUS.PPP,HUN,2010,126.41063,,
PA.NUS.PPP,HUN,2011,124.27184,,
PA.NUS.PPP,HUN,2012,125.62361,,
PA.NUS.PPP,HUN,2013,124.97943,,
PA.NUS.PPP,HUN,2014,129.41497,,
PA.NUS.PPP,HUN,2015,132.55351,,
PA.NUS.PPP,HUN,2016,132.03380,,
PA.NUS.PPP,HUN,2017,136.03652,,
PA.NUS.PPP,HUN,2018,139.09245,,
PA.NUS.PPP,HUN,2019,145.14084,,
PA.NUS.PPPC.RF,HUN,1991,0.40263,,
PA.NUS.PPPC.RF,HUN,1992,0.45258,,
PA.NUS.PPPC.RF,HUN,1993,0.46067,,
PA.NUS.PPPC.RF,HUN,1994,0.47134,,
PA.NUS.PPPC.RF,HUN,1995,0.48923,,
PA.NUS.PPPC.RF,HUN,1996,0.48398,,
PA.NUS.PPPC.RF,HUN,1997,0.46781,,
PA.NUS.PPPC.RF,HUN,1998,0.45626,,
PA.NUS.PPPC.RF,HUN,1999,0.44085,,
PA.NUS.PPPC.RF,HUN,2000,0.39013,,
PA.NUS.PPPC.RF,HUN,2001,0.39946,,
PA.NUS.PPPC.RF,HUN,2002,0.45815,,
PA.NUS.PPPC.RF,HUN,2003,0.54395,,
PA.NUS.PPPC.RF,HUN,2004,0.63322,,
PA.NUS.PPPC.RF,HUN,2005,0.65602,,
PA.NUS.PPPC.RF,HUN,2006,0.62498,,
PA.NUS.PPPC.RF,HUN,2007,0.73011,,
PA.NUS.PPPC.RF,HUN,2008,0.76116,,
PA.NUS.PPPC.RF,HUN,2009,0.63106,,
PA.NUS.PPPC.RF,HUN,2010,0.60791,,
PA.NUS.PPPC.RF,HUN,2011,0.61810,,
PA.NUS.PPPC.RF,HUN,2012,0.55807,,
PA.NUS.PPPC.RF,HUN,2013,0.55870,,
PA.NUS.PPPC.RF,HUN,2014,0.55638,,
PA.NUS.PPPC.RF,HUN,2015,0.47454,,
PA.NUS.PPPC.RF,HUN,2016,0.46900,,
PA.NUS.PPPC.RF,HUN,2017,0.49570,,
PA.NUS.PPPC.RF,HUN,2018,0.51475,,
PA.NUS.PPPC.RF,HUN,2019,0.49935,,
PA.NUS.PRVT.PP,HUN,1990,24.60526,,
PA.NUS.PRVT.PP,HUN,1991,31.82446,,
PA.NUS.PRVT.PP,HUN,1992,37.72046,,
PA.NUS.PRVT.PP,HUN,1993,44.00659,,
PA.NUS.PRVT.PP,HUN,1994,51.33364,,
PA.NUS.PRVT.PP,HUN,1995,64.78721,,
PA.NUS.PRVT.PP,HUN,1996,78.03891,,
PA.NUS.PRVT.PP,HUN,1997,90.40561,,
PA.NUS.PRVT.PP,HUN,1998,101.33255,,
PA.NUS.PRVT.PP,HUN,1999,108.64253,,
PA.NUS.PRVT.PP,HUN,2000,114.55104,,
PA.NUS.PRVT.PP,HUN,2001,120.93909,,
PA.NUS.PRVT.PP,HUN,2002,124.76787,,
PA.NUS.PRVT.PP,HUN,2003,128.81254,,
PA.NUS.PRVT.PP,HUN,2004,134.92952,,
PA.NUS.PRVT.PP,HUN,2005,137.56560,,
PA.NUS.PRVT.PP,HUN,2006,139.71448,,
PA.NUS.PRVT.PP,HUN,2007,147.05668,,
PA.NUS.PRVT.PP,HUN,2008,146.11276,,
PA.NUS.PRVT.PP,HUN,2009,144.27048,,
PA.NUS.PRVT.PP,HUN,2010,142.99824,,
PA.NUS.PRVT.PP,HUN,2011,139.56990,,
PA.NUS.PRVT.PP,HUN,2012,143.44542,,
PA.NUS.PRVT.PP,HUN,2013,141.23018,,
PA.NUS.PRVT.PP,HUN,2014,143.84651,,
PA.NUS.PRVT.PP,HUN,2015,148.04382,,
PA.NUS.PRVT.PP,HUN,2016,146.43539,,
PA.NUS.PRVT.PP,HUN,2017,152.87678,,
PA.NUS.PRVT.PP,HUN,2018,155.20393,,
PA.NUS.PRVT.PP,HUN,2019,163.85558,,
SI.POV.LMIC,HUN,2004,0.30000,,
SI.POV.LMIC,HUN,2005,1.20000,,
SI.POV.LMIC,HUN,2006,0.30000,,
SI.POV.LMIC,HUN,2007,0.30000,,
SI.POV.LMIC,HUN,2008,0.20000,,
SI.POV.LMIC,HUN,2009,0.10000,,
SI.POV.LMIC,HUN,2010,0.30000,,
SI.POV.LMIC,HUN,2011,0.30000,,
SI.POV.LMIC,HUN,2012,0.60000,,
SI.POV.LMIC,HUN,2013,0.80000,,
SI.POV.LMIC,HUN,2014,1,,
SI.POV.LMIC,HUN,2015,1.10000,,
SI.POV.LMIC,HUN,2016,1.80000,,
SI.POV.LMIC,HUN,2017,1.20000,,
SI.POV.LMIC,HUN,2018,0.50000,,
SI.POV.LMIC,HUN,2019,0.70000,,
SP.DYN.IMRT.IN,HUN,1970,35,,
SP.DYN.IMRT.IN,HUN,1971,34.40000,,
SP.DYN.IMRT.IN,HUN,1972,34.70000,,
SP.DYN.IMRT.IN,HUN,1973,35.10000,,
SP.DYN.IMRT.IN,HUN,1974,34.40000,,
SP.DYN.IMRT.IN,HUN,1975,32.10000,,
SP.DYN.IMRT.IN,HUN,1976,29.20000,,
SP.DYN.IMRT.IN,HUN,1977,26.60000,,
SP.DYN.IMRT.IN,HUN,1978,24.50000,,
SP.DYN.IMRT.IN,HUN,1979,22.70000,,
SP.DYN.IMRT.IN,HUN,1980,21.30000,,
SP.DYN.IMRT.IN,HUN,1981,20.40000,,
SP.DYN.IMRT.IN,HUN,1982,19.90000,,
SP.DYN.IMRT.IN,HUN,1983,19.70000,,
SP.DYN.IMRT.IN,HUN,1984,19.60000,,
SP.DYN.IMRT.IN,HUN,1985,19.30000,,
SP.DYN.IMRT.IN,HUN,1986,18.70000,,
SP.DYN.IMRT.IN,HUN,1987,17.60000,,
SP.DYN.IMRT.IN,HUN,1988,16.40000,,
SP.DYN.IMRT.IN,HUN,1989,15.60000,,
SP.DYN.IMRT.IN,HUN,1990,15.20000,,
SP.DYN.IMRT.IN,HUN,1991,14.70000,,
SP.DYN.IMRT.IN,HUN,1992,13.80000,,
SP.DYN.IMRT.IN,HUN,1993,12.60000,,
SP.DYN.IMRT.IN,HUN,1994,11.60000,,
SP.DYN.IMRT.IN,HUN,1995,10.80000,,
SP.DYN.IMRT.IN,HUN,1996,10.30000,,
SP.DYN.IMRT.IN,HUN,1997,9.90000,,
SP.DYN.IMRT.IN,HUN,1998,9.60000,,
SP.DYN.IMRT.IN,HUN,1999,9.10000,,
SP.DYN.IMRT.IN,HUN,2000,8.70000,,
SP.DYN.IMRT.IN,HUN,2001,8.20000,,
SP.DYN.IMRT.IN,HUN,2002,7.60000,,
SP.DYN.IMRT.IN,HUN,2003,7.10000,,
SP.DYN.IMRT.IN,HUN,2004,6.70000,,
SP.DYN.IMRT.IN,HUN,2005,6.40000,,
SP.DYN.IMRT.IN,HUN,2006,6.10000,,
SP.DYN.IMRT.IN,HUN,2007,5.80000,,
SP.DYN.IMRT.IN,HUN,2008,5.50000,,
SP.DYN.IMRT.IN,HUN,2009,5.20000,,
SP.DYN.IMRT.IN,HUN,2010,5.10000,,
SP.DYN.IMRT.IN,HUN,2011,4.90000,,
SP.DYN.IMRT.IN,HUN,2012,4.80000,,
SP.DYN.IMRT.IN,HUN,2013,4.70000,,
SP.DYN.IMRT.IN,HUN,2014,4.50000,,
SP.DYN.IMRT.IN,HUN,2015,4.20000,,
SP.DYN.IMRT.IN,HUN,2016,4,,
SP.DYN.IMRT.IN,HUN,2017,3.70000,,
SP.DYN.IMRT.IN,HUN,2018,3.50000,,
SP.DYN.IMRT.IN,HUN,2019,3.40000,,
SP.DYN.LE00.IN,HUN,1970,69.16463,,
SP.DYN.LE00.IN,HUN,1971,69.05244,,
SP.DYN.LE00.IN,HUN,1972,69.66463,,
SP.DYN.LE00.IN,HUN,1973,69.51805,,
SP.DYN.LE00.IN,HUN,1974,69.24805,,
SP.DYN.LE00.IN,HUN,1975,69.29000,,
SP.DYN.LE00.IN,HUN,1976,69.57317,,
SP.DYN.LE00.IN,HUN,1977,69.84805,,
SP.DYN.LE00.IN,HUN,1978,69.39390,,
SP.DYN.LE00.IN,HUN,1979,69.61537,,
SP.DYN.LE00.IN,HUN,1980,69.06171,,
SP.DYN.LE00.IN,HUN,1981,69.13927,,
SP.DYN.LE00.IN,HUN,1982,69.35780,,
SP.DYN.LE00.IN,HUN,1983,68.97366,,
SP.DYN.LE00.IN,HUN,1984,69.02585,,
SP.DYN.LE00.IN,HUN,1985,68.97220,,
SP.DYN.LE00.IN,HUN,1986,69.17341,,
SP.DYN.LE00.IN,HUN,1987,69.65122,,
SP.DYN.LE00.IN,HUN,1988,70.02341,,
SP.DYN.LE00.IN,HUN,1989,69.46171,,
SP.DYN.LE00.IN,HUN,1990,69.31561,,
SP.DYN.LE00.IN,HUN,1991,69.37707,,
SP.DYN.LE00.IN,HUN,1992,69.11707,,
SP.DYN.LE00.IN,HUN,1993,69.10122,,
SP.DYN.LE00.IN,HUN,1994,69.46976,,
SP.DYN.LE00.IN,HUN,1995,69.79171,,
SP.DYN.LE00.IN,HUN,1996,70.32878,,
SP.DYN.LE00.IN,HUN,1997,70.70244,,
SP.DYN.LE00.IN,HUN,1998,70.55780,,
SP.DYN.LE00.IN,HUN,1999,70.67707,,
SP.DYN.LE00.IN,HUN,2000,71.24634,,
SP.DYN.LE00.IN,HUN,2001,72.24878,,
SP.DYN.LE00.IN,HUN,2002,72.34878,,
SP.DYN.LE00.IN,HUN,2003,72.30000,,
SP.DYN.LE00.IN,HUN,2004,72.64878,,
SP.DYN.LE00.IN,HUN,2005,72.64878,,
SP.DYN.LE00.IN,HUN,2006,73.09756,,
SP.DYN.LE00.IN,HUN,2007,73.15122,,
SP.DYN.LE00.IN,HUN,2008,73.70244,,
SP.DYN.LE00.IN,HUN,2009,73.90488,,
SP.DYN.LE00.IN,HUN,2010,74.20732,,
SP.DYN.LE00.IN,HUN,2011,74.85854,,
SP.DYN.LE00.IN,HUN,2012,75.06341,,
SP.DYN.LE00.IN,HUN,2013,75.56585,,
SP.DYN.LE00.IN,HUN,2014,75.76341,,
SP.DYN.LE00.IN,HUN,2015,75.56829,,
SP.DYN.LE00.IN,HUN,2016,76.06341,,
SP.DYN.LE00.IN,HUN,2017,75.81707,,
SP.DYN.LE00.IN,HUN,2018,76.06585,,
SP.DYN.LE00.IN,HUN,2019,76.31951,,
SP.DYN.TFRT.IN,HUN,1970,1.98000,,
SP.DYN.TFRT.IN,HUN,1971,1.93000,,
SP.DYN.TFRT.IN,HUN,1972,1.93000,,
SP.DYN.TFRT.IN,HUN,1973,1.93000,,
SP.DYN.TFRT.IN,HUN,1974,2.27000,,
SP.DYN.TFRT.IN,HUN,1975,2.35000,,
SP.DYN.TFRT.IN,HUN,1976,2.23000,,
SP.DYN.TFRT.IN,HUN,1977,2.15000,,
SP.DYN.TFRT.IN,HUN,1978,2.06000,,
SP.DYN.TFRT.IN,HUN,1979,2.01000,,
SP.DYN.TFRT.IN,HUN,1980,1.91000,,
SP.DYN.TFRT.IN,HUN,1981,1.88000,,
SP.DYN.TFRT.IN,HUN,1982,1.80000,,
SP.DYN.TFRT.IN,HUN,1983,1.75000,,
SP.DYN.TFRT.IN,HUN,1984,1.75000,,
SP.DYN.TFRT.IN,HUN,1985,1.85000,,
SP.DYN.TFRT.IN,HUN,1986,1.84000,,
SP.DYN.TFRT.IN,HUN,1987,1.82000,,
SP.DYN.TFRT.IN,HUN,1988,1.81000,,
SP.DYN.TFRT.IN,HUN,1989,1.82000,,
SP.DYN.TFRT.IN,HUN,1990,1.87000,,
SP.DYN.TFRT.IN,HUN,1991,1.87000,,
SP.DYN.TFRT.IN,HUN,1992,1.77000,,
SP.DYN.TFRT.IN,HUN,1993,1.68000,,
SP.DYN.TFRT.IN,HUN,1994,1.64000,,
SP.DYN.TFRT.IN,HUN,1995,1.57000,,
SP.DYN.TFRT.IN,HUN,1996,1.46000,,
SP.DYN.TFRT.IN,HUN,1997,1.37000,,
SP.DYN.TFRT.IN,HUN,1998,1.32000,,
SP.DYN.TFRT.IN,HUN,1999,1.28000,,
SP.DYN.TFRT.IN,HUN,2000,1.32000,,
SP.DYN.TFRT.IN,HUN,2001,1.31000,,
SP.DYN.TFRT.IN,HUN,2002,1.30000,,
SP.DYN.TFRT.IN,HUN,2003,1.27000,,
SP.DYN.TFRT.IN,HUN,2004,1.28000,,
SP.DYN.TFRT.IN,HUN,2005,1.31000,,
SP.DYN.TFRT.IN,HUN,2006,1.34000,,
SP.DYN.TFRT.IN,HUN,2007,1.32000,,
SP.DYN.TFRT.IN,HUN,2008,1.35000,,
SP.DYN.TFRT.IN,HUN,2009,1.32000,,
SP.DYN.TFRT.IN,HUN,2010,1.25000,,
SP.DYN.TFRT.IN,HUN,2011,1.23000,,
SP.DYN.TFRT.IN,HUN,2012,1.34000,,
SP.DYN.TFRT.IN,HUN,2013,1.35000,,
SP.DYN.TFRT.IN,HUN,2014,1.44000,,
SP.DYN.TFRT.IN,HUN,2015,1.45000,,
SP.DYN.TFRT.IN,HUN,2016,1.53000,,
SP.DYN.TFRT.IN,HUN,2017,1.54000,,
SP.DYN.TFRT.IN,HUN,2018,1.55000,,
SP.DYN.TFRT.IN,HUN,2019,1.55000,,
SP.POP.GROW,HUN,1970,0.37978,,
SP.POP.GROW,HUN,1971,0.28618,,
SP.POP.GROW,HUN,1972,0.29810,,
SP.POP.GROW,HUN,1973,0.32228,,
SP.POP.GROW,HUN,1974,0.44633,,
SP.POP.GROW,HUN,1975,0.58808,,
SP.POP.GROW,HUN,1976,0.55018,,
SP.POP.GROW,HUN,1977,0.46458,,
SP.POP.GROW,HUN,1978,0.34492,,
SP.POP.GROW,HUN,1979,0.18075,,
SP.POP.GROW,HUN,1980,0.06509,,
SP.POP.GROW,HUN,1981,0.00678,,
SP.POP.GROW,HUN,1982,-0.05895,,
SP.POP.GROW,HUN,1983,-0.15024,,
SP.POP.GROW,HUN,1984,-0.20010,,
SP.POP.GROW,HUN,1985,-0.18185,,
SP.POP.GROW,HUN,1986,-0.17058,,
SP.POP.GROW,HUN,1987,-0.16780,,
SP.POP.GROW,HUN,1988,-0.15327,,
SP.POP.GROW,HUN,1989,-1.08898,,
SP.POP.GROW,HUN,1990,-1.03312,,
SP.POP.GROW,HUN,1991,-0.00567,,
SP.POP.GROW,HUN,1992,-0.03914,,
SP.POP.GROW,HUN,1993,-0.11404,,
SP.POP.GROW,HUN,1994,-0.13688,,
SP.POP.GROW,HUN,1995,-0.13922,,
SP.POP.GROW,HUN,1996,-0.17177,,
SP.POP.GROW,HUN,1997,-0.20146,,
SP.POP.GROW,HUN,1998,-0.23268,,
SP.POP.GROW,HUN,1999,-0.28326,,
SP.POP.GROW,HUN,2000,-0.25976,,
SP.POP.GROW,HUN,2001,-0.22938,,
SP.POP.GROW,HUN,2002,-0.28475,,
SP.POP.GROW,HUN,2003,-0.28643,,
SP.POP.GROW,HUN,2004,-0.22144,,
SP.POP.GROW,HUN,2005,-0.19888,,
SP.POP.GROW,HUN,2006,-0.15572,,
SP.POP.GROW,HUN,2007,-0.15492,,
SP.POP.GROW,HUN,2008,-0.17510,,
SP.POP.GROW,HUN,2009,-0.15491,,
SP.POP.GROW,HUN,2010,-0.22601,,
SP.POP.GROW,HUN,2011,-0.28336,,
SP.POP.GROW,HUN,2012,-0.51644,,
SP.POP.GROW,HUN,2013,-0.27537,,
SP.POP.GROW,HUN,2014,-0.26938,,
SP.POP.GROW,HUN,2015,-0.23786,,
SP.POP.GROW,HUN,2016,-0.29511,,
SP.POP.GROW,HUN,2017,-0.26586,,
SP.POP.GROW,HUN,2018,-0.12679,,
SP.POP.GROW,HUN,2019,-0.04526,,
SP.RUR.TOTL.ZS,HUN,1970,39.88800,,
SP.RUR.TOTL.ZS,HUN,1971,39.46100,,
SP.RUR.TOTL.ZS,HUN,1972,39.03500,,
SP.RUR.TOTL.ZS,HUN,1973,38.61200,,
SP.RUR.TOTL.ZS,HUN,1974,38.19000,,
SP.RUR.TOTL.ZS,HUN,1975,37.76900,,
SP.RUR.TOTL.ZS,HUN,1976,37.35000,,
SP.RUR.TOTL.ZS,HUN,1977,36.93400,,
SP.RUR.TOTL.ZS,HUN,1978,36.52000,,
SP.RUR.TOTL.ZS,HUN,1979,36.10700,,
SP.RUR.TOTL.ZS,HUN,1980,35.80900,,
SP.RUR.TOTL.ZS,HUN,1981,35.62800,,
SP.RUR.TOTL.ZS,HUN,1982,35.44700,,
SP.RUR.TOTL.ZS,HUN,1983,35.26600,,
SP.RUR.TOTL.ZS,HUN,1984,35.08500,,
SP.RUR.TOTL.ZS,HUN,1985,34.90500,,
SP.RUR.TOTL.ZS,HUN,1986,34.72600,,
SP.RUR.TOTL.ZS,HUN,1987,34.54700,,
SP.RUR.TOTL.ZS,HUN,1988,34.36800,,
SP.RUR.TOTL.ZS,HUN,1989,34.19000,,
SP.RUR.TOTL.ZS,HUN,1990,34.16200,,
SP.RUR.TOTL.ZS,HUN,1991,34.28700,,
SP.RUR.TOTL.ZS,HUN,1992,34.41300,,
SP.RUR.TOTL.ZS,HUN,1993,34.53900,,
SP.RUR.TOTL.ZS,HUN,1994,34.66500,,
SP.RUR.TOTL.ZS,HUN,1995,34.79100,,
SP.RUR.TOTL.ZS,HUN,1996,34.91700,,
SP.RUR.TOTL.ZS,HUN,1997,35.04400,,
SP.RUR.TOTL.ZS,HUN,1998,35.17100,,
SP.RUR.TOTL.ZS,HUN,1999,35.29800,,
SP.RUR.TOTL.ZS,HUN,2000,35.42500,,
SP.RUR.TOTL.ZS,HUN,2001,35.33000,,
SP.RUR.TOTL.ZS,HUN,2002,34.91900,,
SP.RUR.TOTL.ZS,HUN,2003,34.51100,,
SP.RUR.TOTL.ZS,HUN,2004,34.10400,,
SP.RUR.TOTL.ZS,HUN,2005,33.63500,,
SP.RUR.TOTL.ZS,HUN,2006,33.10500,,
SP.RUR.TOTL.ZS,HUN,2007,32.57900,,
SP.RUR.TOTL.ZS,HUN,2008,32.05700,,
SP.RUR.TOTL.ZS,HUN,2009,31.54000,,
SP.RUR.TOTL.ZS,HUN,2010,31.08900,,
SP.RUR.TOTL.ZS,HUN,2011,30.64200,,
SP.RUR.TOTL.ZS,HUN,2012,30.32200,,
SP.RUR.TOTL.ZS,HUN,2013,30.04700,,
SP.RUR.TOTL.ZS,HUN,2014,29.77300,,
SP.RUR.TOTL.ZS,HUN,2015,29.50000,,
SP.RUR.TOTL.ZS,HUN,2016,29.22100,,
SP.RUR.TOTL.ZS,HUN,2017,28.93800,,
SP.RUR.TOTL.ZS,HUN,2018,28.64900,,
SP.RUR.TOTL.ZS,HUN,2019,28.35600,,
XTGOV.IMF,HUN,1995,3216279000000,,
XTGOV.IMF,HUN,1996,3620140000000,,
XTGOV.IMF,HUN,1997,4364824000000,,
XTGOV.IMF,HUN,1998,5291925000000,,
XTGOV.IMF,HUN,1999,5662538000000,,
XTGOV.IMF,HUN,2000,6283342000000,,
XTGOV.IMF,HUN,2001,7262622000000,,
XTGOV.IMF,HUN,2002,8870475000000,,
XTGOV.IMF,HUN,2003,9366769000000,,
XTGOV.IMF,HUN,2004,10218731000000,,
XTGOV.IMF,HUN,2005,11129682000000,,
XTGOV.IMF,HUN,2006,12469463000000,,
XTGOV.IMF,HUN,2007,12785953000000,,
XTGOV.IMF,HUN,2008,13180198000000,,
XTGOV.IMF,HUN,2009,13298474000000,,
XTGOV.IMF,HUN,2010,13416291000000,,
XTGOV.IMF,HUN,2011,14001014000000,,
XTGOV.IMF,HUN,2012,14241938000000,,
XTGOV.IMF,HUN,2013,15194728000000,,
XTGOV.IMF,HUN,2014,16417385000000,,
XTGOV.IMF,HUN,2015,17615370000000,,
XTGOV.IMF,HUN,2016,16943721000000,,
XTGOV.IMF,HUN,2017,18242247000000,,
XTGOV.IMF,HUN,2018,19891897000000,,
XTGOV.IMF,HUN,2019,21724761000000,,
